id,name,email
1,Phyllis Risely,prisely0@mozilla.org
2,Alexis Hugonet,ahugonet1@pcworld.com
3,Rorie Korpal,rkorpal2@spiegel.de
4,Rosella Appleford,rappleford3@archive.org
5,Dodi Bythway,dbythway4@tumblr.com
6,Reinaldos Swepstone,rswepstone5@webnode.com
7,Dev Chastagnier,dchastagnier6@tumblr.com
8,Maren Warry,mwarry7@skype.com
9,Bailie Hedditeh,bhedditeh8@intel.com
10,Chandler Robbeke,crobbeke9@gnu.org
11,Zia Macia,zmaciaa@sitemeter.com
12,Erda Gabits,egabitsb@mtv.com
13,Martino Witsey,mwitseyc@macromedia.com
14,Ardisj Dello,adellod@bravesites.com
15,Gladi Brosch,gbrosche@chicagotribune.com
16,Tabbie Harrell,tharrellf@earthlink.net
17,Corly Roycraft,croycraftg@abc.net.au
18,Cherye Sterricker,csterrickerh@cloudflare.com
19,Meryl Cotty,mcottyi@zdnet.com
20,Brunhilde Robinette,brobinettej@163.com
21,Hildagarde Raybould,hraybouldk@trellian.com
22,Melony Di Giacomo,mdil@list-manage.com
23,Deanne Paige,dpaigem@noaa.gov
24,Ronda Davidavidovics,rdavidavidovicsn@opensource.org
25,Brandais Oliveto,bolivetoo@technorati.com
26,Antony Ravilus,aravilusp@msu.edu
27,Clay Groll,cgrollq@paypal.com
28,Rivkah Giacometti,rgiacomettir@ning.com
29,Mozes Rapkins,mrapkinss@salon.com
30,Gabbi Wyper,gwypert@addthis.com
31,Constantine Jinkin,cjinkinu@timesonline.co.uk
32,Melosa Tomasoni,mtomasoniv@princeton.edu
33,Wynn Jordine,wjordinew@shutterfly.com
34,Murvyn Parish,mparishx@live.com
35,Bald Parsley,bparsleyy@360.cn
36,Nancey Currell,ncurrellz@earthlink.net
37,Rhona Bowerbank,rbowerbank10@quantcast.com
38,Joan Sheara,jsheara11@so-net.ne.jp
39,Esra McCart,emccart12@theglobeandmail.com
40,Kerry Braunlein,kbraunlein13@pcworld.com
41,Domingo MacAnelley,dmacanelley14@shop-pro.jp
42,Randene Kenzie,rkenzie15@chron.com
43,Gabby Michie,gmichie16@marriott.com
44,Dyann McTurk,dmcturk17@tmall.com
45,Moreen Harbin,mharbin18@fc2.com
46,Delphine Dunsmore,ddunsmore19@ning.com
47,Olin Mc Pake,omc1a@salon.com
48,Claudian Gifford,cgifford1b@un.org
49,Zacharia McCooke,zmccooke1c@prnewswire.com
50,Linette Medlen,lmedlen1d@webs.com
51,Regina Huett,rhuett1e@cbc.ca
52,Aidan Tilmouth,atilmouth1f@tiny.cc
53,Alix Leahy,aleahy1g@topsy.com
54,Isadore Koppen,ikoppen1h@ameblo.jp
55,Indira Gowdridge,igowdridge1i@japanpost.jp
56,Randi Davydkov,rdavydkov1j@amazon.co.jp
57,Wayne Eneas,weneas1k@wikimedia.org
58,Caye Haverson,chaverson1l@over-blog.com
59,Charisse Anstis,canstis1m@vimeo.com
60,Bekki Luckman,bluckman1n@senate.gov
61,Janenna Waistell,jwaistell1o@opensource.org
62,Haleigh Clarae,hclarae1p@reverbnation.com
63,Regina Pablos,rpablos1q@1und1.de
64,Marco Kineton,mkineton1r@berkeley.edu
65,Dollie Riches,driches1s@tuttocitta.it
66,Carley Rosbottom,crosbottom1t@vistaprint.com
67,Ky Quakley,kquakley1u@amazon.co.uk
68,Megen Binner,mbinner1v@baidu.com
69,Janey Tows,jtows1w@posterous.com
70,Lark Wenman,lwenman1x@senate.gov
71,Jocko Blamire,jblamire1y@printfriendly.com
72,Rutherford Morgan,rmorgan1z@pinterest.com
73,Quincy Bellows,qbellows20@harvard.edu
74,Teodor Del Checolo,tdel21@indiegogo.com
75,Rik Sawle,rsawle22@dagondesign.com
76,Gar Woodes,gwoodes23@symantec.com
77,Graeme Starton,gstarton24@zdnet.com
78,Crystal Izkovitch,cizkovitch25@histats.com
79,Cordy Peery,cpeery26@parallels.com
80,Leonidas Meakin,lmeakin27@marketwatch.com
81,Goddart Thorwarth,gthorwarth28@livejournal.com
82,Norton Snoday,nsnoday29@indiegogo.com
83,Hollis Stuckford,hstuckford2a@topsy.com
84,Karie Alenshev,kalenshev2b@boston.com
85,Leontine Capelen,lcapelen2c@edublogs.org
86,Franny Drysdall,fdrysdall2d@mashable.com
87,Ethe Dundon,edundon2e@ca.gov
88,Amabel Staniforth,astaniforth2f@flavors.me
89,Margaretta Clows,mclows2g@bing.com
90,Christal Bradwell,cbradwell2h@opensource.org
91,Ludovika Skentelbury,lskentelbury2i@addtoany.com
92,Ebba Marieton,emarieton2j@squarespace.com
93,Jereme Seifenmacher,jseifenmacher2k@fda.gov
94,Sig Longhorne,slonghorne2l@thetimes.co.uk
95,Bev Mumbey,bmumbey2m@parallels.com
96,Rafaello Sonschein,rsonschein2n@icio.us
97,Marj Brodley,mbrodley2o@ucoz.com
98,Alisun Tennet,atennet2p@sciencedirect.com
99,Vassili Lambswood,vlambswood2q@prlog.org
100,Lindsay Benam,lbenam2r@netvibes.com
101,Shaun Webland,swebland2s@ucoz.ru
102,Charita Guare,cguare2t@ft.com
103,Cal Waliszewski,cwaliszewski2u@cisco.com
104,Antonietta Ackroyd,aackroyd2v@tripod.com
105,Beckie Clendening,bclendening2w@msu.edu
106,Tremain Wardhaw,twardhaw2x@qq.com
107,Pattin Dacombe,pdacombe2y@odnoklassniki.ru
108,Sammie Loxton,sloxton2z@a8.net
109,Bette-ann Kinchin,bkinchin30@cnbc.com
110,Wilmette Hucker,whucker31@eventbrite.com
111,Osbourne Philips,ophilips32@bluehost.com
112,Conant Brewood,cbrewood33@aol.com
113,Eleni Strowlger,estrowlger34@vinaora.com
114,Dexter Jerwood,djerwood35@jimdo.com
115,Appolonia Maryan,amaryan36@shinystat.com
116,Teddi Manifould,tmanifould37@youku.com
117,Rosalind Sartin,rsartin38@github.io
118,Zuzana Phateplace,zphateplace39@cdc.gov
119,Maje Caso,mcaso3a@ft.com
120,Reggie Haile,rhaile3b@pbs.org
121,Shina Gladdish,sgladdish3c@cisco.com
122,Cassie Soars,csoars3d@mediafire.com
123,Randene Landon,rlandon3e@epa.gov
124,Madella Beddo,mbeddo3f@ca.gov
125,Helli Dolley,hdolley3g@chicagotribune.com
126,Rock Coleford,rcoleford3h@nyu.edu
127,Tucky O'Bradden,tobradden3i@1688.com
128,Gina Wildt,gwildt3j@java.com
129,Harriot Glasscoo,hglasscoo3k@vistaprint.com
130,Raimundo Manuele,rmanuele3l@netvibes.com
131,Clayborne Shailer,cshailer3m@sbwire.com
132,Dyanna Scaplehorn,dscaplehorn3n@g.co
133,Bekki Cluley,bcluley3o@pinterest.com
134,Cally Stonary,cstonary3p@xing.com
135,Ashien Cowlard,acowlard3q@livejournal.com
136,Maynard Woodburn,mwoodburn3r@ucoz.com
137,Garfield Palleske,gpalleske3s@redcross.org
138,Mohammed Fewster,mfewster3t@apple.com
139,Brooke Lashbrook,blashbrook3u@auda.org.au
140,Sheryl Langelay,slangelay3v@unesco.org
141,Alasdair Hutcheon,ahutcheon3w@example.com
142,Donica Hrinchenko,dhrinchenko3x@mashable.com
143,Brynna Dibling,bdibling3y@dropbox.com
144,Keefe Giraldo,kgiraldo3z@51.la
145,Olivero Laydon,olaydon40@mashable.com
146,Carlie Worster,cworster41@example.com
147,Charin Borsi,cborsi42@google.ca
148,Pen Ickeringill,pickeringill43@infoseek.co.jp
149,Rockey Bellson,rbellson44@ebay.co.uk
150,Harris Bentham,hbentham45@geocities.com
151,Zaccaria Dafter,zdafter46@vk.com
152,Cassandry Hynard,chynard47@pinterest.com
153,Klaus Carmen,kcarmen48@angelfire.com
154,Leland McTurley,lmcturley49@dyndns.org
155,Kelci Convery,kconvery4a@so-net.ne.jp
156,Lenee Lowensohn,llowensohn4b@blogtalkradio.com
157,Johann Westrip,jwestrip4c@ihg.com
158,Sadella Kniveton,skniveton4d@youtu.be
159,Rosalinda Hebdon,rhebdon4e@ftc.gov
160,Winslow Cutbush,wcutbush4f@ucla.edu
161,Irvin Fleming,ifleming4g@msu.edu
162,Wynnie Hylands,whylands4h@marriott.com
163,Urbain Yaus,uyaus4i@zimbio.com
164,Liam Benediktovich,lbenediktovich4j@loc.gov
165,Buckie Fosse,bfosse4k@woothemes.com
166,Fifine Mingay,fmingay4l@hao123.com
167,Jedd Godding,jgodding4m@yellowpages.com
168,Olag Danslow,odanslow4n@t-online.de
169,Catharina Espinha,cespinha4o@patch.com
170,Saunder Blagdon,sblagdon4p@alexa.com
171,Quinlan Weekley,qweekley4q@webmd.com
172,Dickie MacGovern,dmacgovern4r@rediff.com
173,Florry Duffin,fduffin4s@ning.com
174,Dud Perrone,dperrone4t@springer.com
175,Melvyn Dellow,mdellow4u@tripadvisor.com
176,Rriocard Bridell,rbridell4v@tiny.cc
177,Pavla Finnan,pfinnan4w@google.nl
178,Desi Scrafton,dscrafton4x@naver.com
179,Leonidas Dulin,ldulin4y@nationalgeographic.com
180,Kris Kneafsey,kkneafsey4z@mayoclinic.com
181,Adelle Searight,asearight50@reddit.com
182,Roxine Dawber,rdawber51@wisc.edu
183,Johannah Ruffey,jruffey52@auda.org.au
184,Bren Itshak,bitshak53@diigo.com
185,Emlyn Shivell,eshivell54@rambler.ru
186,Berny Arnot,barnot55@alibaba.com
187,Gabey Tamplin,gtamplin56@google.nl
188,Mackenzie Willgoose,mwillgoose57@craigslist.org
189,Phylis McCullogh,pmccullogh58@people.com.cn
190,Urson Goligly,ugoligly59@webnode.com
191,Lyndy Mc Gee,lmc5a@marriott.com
192,Doy Kiebes,dkiebes5b@google.fr
193,Magdaia Bostick,mbostick5c@unicef.org
194,Kevyn Camfield,kcamfield5d@discuz.net
195,Mara McKeady,mmckeady5e@gizmodo.com
196,Melissa Braga,mbraga5f@google.co.uk
197,Demott Renison,drenison5g@princeton.edu
198,Maudie Simacek,msimacek5h@webs.com
199,Jeromy Rudham,jrudham5i@delicious.com
200,Pansy Brimelow,pbrimelow5j@ustream.tv
201,Hector D'Agostini,hdagostini5k@ucsd.edu
202,Kore Wildash,kwildash5l@telegraph.co.uk
203,Sammy Haugh,shaugh5m@mediafire.com
204,Valentina Olver,volver5n@skyrock.com
205,Sylvan Oldmeadow,soldmeadow5o@fc2.com
206,Dolorita Hars,dhars5p@live.com
207,Mady Colledge,mcolledge5q@dailymotion.com
208,Ramsey Jedrych,rjedrych5r@pen.io
209,Toby Tolefree,ttolefree5s@lulu.com
210,Blinny Cleaveland,bcleaveland5t@fotki.com
211,Bernardine Tomaino,btomaino5u@pcworld.com
212,Rose Spinella,rspinella5v@xing.com
213,Merci Di Biaggi,mdi5w@live.com
214,Gabriello Clarey,gclarey5x@buzzfeed.com
215,Maurizio Matteotti,mmatteotti5y@statcounter.com
216,Ryun Jaqueme,rjaqueme5z@chron.com
217,Demetrius Maly,dmaly60@ask.com
218,Hannie Grisley,hgrisley61@examiner.com
219,Charlie Petschel,cpetschel62@artisteer.com
220,Eran Kiehne,ekiehne63@a8.net
221,Garald Gossop,ggossop64@ucsd.edu
222,Willdon Zanetti,wzanetti65@mit.edu
223,Paten Aspole,paspole66@dyndns.org
224,Weston Jeger,wjeger67@fc2.com
225,Cariotta Heningam,cheningam68@g.co
226,Chelsey Tremellier,ctremellier69@symantec.com
227,Kali MacSweeney,kmacsweeney6a@microsoft.com
228,Rozele Denisovo,rdenisovo6b@uol.com.br
229,Melisenda Babinski,mbabinski6c@reuters.com
230,Rahel Moxham,rmoxham6d@clickbank.net
231,Mirilla Hallatt,mhallatt6e@globo.com
232,Sigismund Polleye,spolleye6f@dailymotion.com
233,Lenard Mangon,lmangon6g@bizjournals.com
234,Augy Spanton,aspanton6h@twitpic.com
235,Giovanni Sapena,gsapena6i@google.fr
236,Orelia McInility,omcinility6j@ed.gov
237,Erinna Sealy,esealy6k@theatlantic.com
238,Merry Popov,mpopov6l@bravesites.com
239,Starr Timpany,stimpany6m@prlog.org
240,Baxter McGuiney,bmcguiney6n@toplist.cz
241,Kira Busson,kbusson6o@vistaprint.com
242,Carmon Dybell,cdybell6p@whitehouse.gov
243,Isidoro Glader,iglader6q@irs.gov
244,Kaleena Ledrane,kledrane6r@fda.gov
245,Abeu Isakowicz,aisakowicz6s@dailymotion.com
246,Neal Side,nside6t@sfgate.com
247,Cchaddie Tax,ctax6u@odnoklassniki.ru
248,Brigid Fireman,bfireman6v@nature.com
249,Aloysia McShea,amcshea6w@accuweather.com
250,Trula Freestone,tfreestone6x@a8.net
251,Lenka Cleynman,lcleynman6y@zdnet.com
252,Abran Lembcke,alembcke6z@t.co
253,Margette Stuttman,mstuttman70@reverbnation.com
254,Aluin Pigden,apigden71@sitemeter.com
255,Curtis Britee,cbritee72@ebay.com
256,Enrico Litel,elitel73@angelfire.com
257,Nicolas Pleuman,npleuman74@t-online.de
258,Alla Lemmen,alemmen75@slate.com
259,Val Lambarth,vlambarth76@theatlantic.com
260,Monique Klimkovich,mklimkovich77@clickbank.net
261,Marilyn Albany,malbany78@yellowbook.com
262,Perren Wagon,pwagon79@hibu.com
263,Herold Kirkman,hkirkman7a@about.com
264,Horace Mapowder,hmapowder7b@soup.io
265,Caprice Boldock,cboldock7c@dropbox.com
266,Atlante Martinon,amartinon7d@smh.com.au
267,Jeromy Gianelli,jgianelli7e@engadget.com
268,Ilsa Regglar,iregglar7f@techcrunch.com
269,Orrin Gecke,ogecke7g@mit.edu
270,Lanie Scurr,lscurr7h@newyorker.com
271,Nicholas Richarson,nricharson7i@twitter.com
272,Lucia Seifert,lseifert7j@netscape.com
273,Timothy Jentet,tjentet7k@alexa.com
274,Caitlin Elleyne,celleyne7l@gizmodo.com
275,Diarmid Ryman,dryman7m@angelfire.com
276,Jae Nelthorpe,jnelthorpe7n@rambler.ru
277,Hanni Libero,hlibero7o@printfriendly.com
278,Paquito Livingstone,plivingstone7p@hugedomains.com
279,Mortie Landreth,mlandreth7q@ucla.edu
280,Ingelbert McFater,imcfater7r@independent.co.uk
281,Herta Durning,hdurning7s@ycombinator.com
282,Jammie Katz,jkatz7t@microsoft.com
283,Diandra Meadowcroft,dmeadowcroft7u@ameblo.jp
284,Maris Strike,mstrike7v@vinaora.com
285,Carilyn Adamowitz,cadamowitz7w@cornell.edu
286,Odille McCritichie,omccritichie7x@hexun.com
287,Rolf Jugging,rjugging7y@free.fr
288,Genia Ionn,gionn7z@hexun.com
289,Algernon Horley,ahorley80@pinterest.com
290,Darrin Housiaux,dhousiaux81@phoca.cz
291,Chip Kirrage,ckirrage82@over-blog.com
292,Manya Pengilly,mpengilly83@uiuc.edu
293,Deonne Grimley,dgrimley84@topsy.com
294,Lyn Logesdale,llogesdale85@amazon.de
295,Adele Dudin,adudin86@mit.edu
296,Fan Bartolomieu,fbartolomieu87@sciencedirect.com
297,Cal Koles,ckoles88@barnesandnoble.com
298,Nydia Orvis,norvis89@irs.gov
299,Gale Teresa,gteresa8a@moonfruit.com
300,Tiphani Doyley,tdoyley8b@networksolutions.com
301,Estevan Eppson,eeppson8c@tripod.com
302,Sterling Dufour,sdufour8d@edublogs.org
303,Hermione Dyhouse,hdyhouse8e@jalbum.net
304,Lazaro Paunsford,lpaunsford8f@sciencedirect.com
305,Orly Dows,odows8g@nyu.edu
306,Christan Olivier,colivier8h@google.com.hk
307,Kriste Goult,kgoult8i@tinypic.com
308,Bay Bartleman,bbartleman8j@surveymonkey.com
309,Carey Humphrey,chumphrey8k@buzzfeed.com
310,Mela Dufaire,mdufaire8l@yahoo.co.jp
311,Fidelio Tookill,ftookill8m@free.fr
312,Germain Farley,gfarley8n@nature.com
313,Ogden Mallinder,omallinder8o@google.nl
314,Thomasine Margaret,tmargaret8p@cbsnews.com
315,Isabella Stockey,istockey8q@ameblo.jp
316,Seamus Jepson,sjepson8r@dailymail.co.uk
317,Joli Macklam,jmacklam8s@wp.com
318,Shirlene Teager,steager8t@blogger.com
319,King Pinchon,kpinchon8u@discovery.com
320,Jen Langhorne,jlanghorne8v@blogtalkradio.com
321,Dorie Ferenczi,dferenczi8w@altervista.org
322,Rafael Pagram,rpagram8x@wikispaces.com
323,Leonid Robbe,lrobbe8y@dedecms.com
324,Kaylil Dowzell,kdowzell8z@digg.com
325,Tiphany Polendine,tpolendine90@census.gov
326,Kaila Gibbett,kgibbett91@ft.com
327,Ludvig Height,lheight92@liveinternet.ru
328,Friedrich McGeachie,fmcgeachie93@mapquest.com
329,Lissie Capstick,lcapstick94@blogger.com
330,Wesley Gerish,wgerish95@1und1.de
331,Zelma Beeston,zbeeston96@ehow.com
332,Dalton Abrahamsen,dabrahamsen97@google.it
333,Jud Spoole,jspoole98@harvard.edu
334,Tildi Holston,tholston99@aol.com
335,Bennie Sandbatch,bsandbatch9a@sohu.com
336,Killian Isaak,kisaak9b@engadget.com
337,Price Cowdry,pcowdry9c@usa.gov
338,Jodi Cavan,jcavan9d@ow.ly
339,Lucias Jouannot,ljouannot9e@nyu.edu
340,Bridget Sailor,bsailor9f@w3.org
341,Pier Durning,pdurning9g@123-reg.co.uk
342,Caron Carbry,ccarbry9h@vistaprint.com
343,Keenan Olle,kolle9i@ucsd.edu
344,Barbara-anne Boorn,bboorn9j@nationalgeographic.com
345,Fancy Alcalde,falcalde9k@so-net.ne.jp
346,Pate Bastock,pbastock9l@delicious.com
347,Clarke Arlidge,carlidge9m@blogger.com
348,Aldon Mattusevich,amattusevich9n@guardian.co.uk
349,Mora Chisman,mchisman9o@cbc.ca
350,Barrie Franzettoini,bfranzettoini9p@goodreads.com
351,Pernell Comoletti,pcomoletti9q@fastcompany.com
352,Anselma Rootham,arootham9r@eepurl.com
353,Ryan Laurenson,rlaurenson9s@goodreads.com
354,Devonne Cairney,dcairney9t@free.fr
355,Taite Micallef,tmicallef9u@chicagotribune.com
356,Stephie Petras,spetras9v@quantcast.com
357,Muire Bratchell,mbratchell9w@nymag.com
358,Annalise Lytlle,alytlle9x@ow.ly
359,Reggy Matijevic,rmatijevic9y@walmart.com
360,Mikol Jickles,mjickles9z@etsy.com
361,Clevie Bernot,cbernota0@ycombinator.com
362,Murry Cucuzza,mcucuzzaa1@samsung.com
363,Brandon Larenson,blarensona2@last.fm
364,Mersey Dugood,mdugooda3@census.gov
365,Standford Brockhouse,sbrockhousea4@ed.gov
366,Tricia Holt,tholta5@bravesites.com
367,Candida Fleay,cfleaya6@myspace.com
368,Darren Ambroz,dambroza7@technorati.com
369,Bettye Freed,bfreeda8@nature.com
370,Katrina Drewery,kdrewerya9@goo.ne.jp
371,Eldredge Kemshell,ekemshellaa@princeton.edu
372,Ophelia Wilford,owilfordab@cnet.com
373,Clementius Aronovitz,caronovitzac@weather.com
374,Merci Touzey,mtouzeyad@surveymonkey.com
375,Mack Farguhar,mfarguharae@paginegialle.it
376,June Starling,jstarlingaf@sciencedaily.com
377,Corty Tointon,ctointonag@desdev.cn
378,Huntington Igoe,higoeah@go.com
379,Rubie Twede,rtwedeai@mayoclinic.com
380,Pattie Hince,phinceaj@about.me
381,Andi Fahy,afahyak@hexun.com
382,Kirsti Loghan,kloghanal@com.com
383,Eugenius Bonde,ebondeam@nbcnews.com
384,Colin Bownes,cbownesan@bbb.org
385,Elysia Drane,edraneao@springer.com
386,Shannan Kibble,skibbleap@imgur.com
387,Audra Milton,amiltonaq@i2i.jp
388,Bran Greveson,bgrevesonar@acquirethisname.com
389,Rog Gorcke,rgorckeas@hatena.ne.jp
390,Torrin Guite,tguiteat@drupal.org
391,Trudey Railton,trailtonau@indiatimes.com
392,Salem Thiese,sthieseav@g.co
393,Artemus Dyzart,adyzartaw@acquirethisname.com
394,Justina Mead,jmeadax@dion.ne.jp
395,Sigmund Fawdery,sfawderyay@zdnet.com
396,Antons Scrivner,ascrivneraz@dedecms.com
397,Garrek Swanger,gswangerb0@cpanel.net
398,Panchito Gilffilland,pgilffillandb1@sun.com
399,Meg Scourge,mscourgeb2@sbwire.com
400,Jessee Scorah,jscorahb3@wikipedia.org
401,Nonnah Bloxam,nbloxamb4@kickstarter.com
402,Oswell Cowoppe,ocowoppeb5@ezinearticles.com
403,Neville Shipman,nshipmanb6@symantec.com
404,Roz Raeburn,rraeburnb7@admin.ch
405,Wynne McInnery,wmcinneryb8@soup.io
406,Mathias Bradnick,mbradnickb9@over-blog.com
407,Con Dainter,cdainterba@ameblo.jp
408,La verne McCumesky,lvernebb@ask.com
409,Cyndie Wesker,cweskerbc@npr.org
410,Dani Perks,dperksbd@stanford.edu
411,Hailee Mellhuish,hmellhuishbe@desdev.cn
412,Angelico Adne,aadnebf@techcrunch.com
413,Lancelot Rathjen,lrathjenbg@sohu.com
414,Jelene Splevings,jsplevingsbh@cloudflare.com
415,Carmita Suthren,csuthrenbi@diigo.com
416,Tanya Lockton,tlocktonbj@ezinearticles.com
417,Marissa Bariball,mbariballbk@taobao.com
418,Shirleen Elcoat,selcoatbl@adobe.com
419,Denney MacNeil,dmacneilbm@ycombinator.com
420,Gray Clavey,gclaveybn@fda.gov
421,Kerby Josephi,kjosephibo@usatoday.com
422,Matilde Keith,mkeithbp@list-manage.com
423,Adriano Laughnan,alaughnanbq@sphinn.com
424,Jaymie Procter,jprocterbr@deviantart.com
425,Bibbye Hanton,bhantonbs@ustream.tv
426,Kaylil Joliffe,kjoliffebt@goodreads.com
427,Ramonda O'Ruane,roruanebu@purevolume.com
428,Woody Gabits,wgabitsbv@clickbank.net
429,Laurella Eagers,leagersbw@hhs.gov
430,Evelin Ginni,eginnibx@yale.edu
431,Flori Cobon,fcobonby@opera.com
432,Bird Eefting,beeftingbz@google.com.br
433,Dayle Heazel,dheazelc0@tripod.com
434,Letta Patman,lpatmanc1@drupal.org
435,Hayward Reddihough,hreddihoughc2@techcrunch.com
436,Neely Paulsen,npaulsenc3@yellowbook.com
437,Aundrea Pike,apikec4@reddit.com
438,Giff Carbonell,gcarbonellc5@cisco.com
439,Den Mehaffey,dmehaffeyc6@google.co.uk
440,L;urette Noddles,lnoddlesc7@google.com.br
441,Rasia Brunotti,rbrunottic8@myspace.com
442,Queenie Davitashvili,qdavitashvilic9@blinklist.com
443,Tildie Galvan,tgalvanca@google.co.jp
444,Blaine Keary,bkearycb@1688.com
445,Mallory Old,moldcc@comsenz.com
446,Harman Skaife,hskaifecd@canalblog.com
447,Phillipp Halpin,phalpince@ebay.co.uk
448,Lola Leonard,lleonardcf@eventbrite.com
449,Corabelle Bazelle,cbazellecg@shinystat.com
450,Brennan Hobgen,bhobgench@ycombinator.com
451,Janek Giacopello,jgiacopelloci@google.nl
452,Alessandra Brisco,abriscocj@constantcontact.com
453,Bendite Bettles,bbettlesck@studiopress.com
454,Franz Sellor,fsellorcl@wikipedia.org
455,Kordula Slowan,kslowancm@vistaprint.com
456,Krishnah Mc Ilory,kmccn@ted.com
457,Demetri Harlick,dharlickco@craigslist.org
458,Nolan Beyn,nbeyncp@sakura.ne.jp
459,Lexine Dhennin,ldhennincq@hubpages.com
460,Harper Wells,hwellscr@guardian.co.uk
461,Meade Kinny,mkinnycs@delicious.com
462,Leroy Renault,lrenaultct@dagondesign.com
463,Beatrix Brugden,bbrugdencu@skype.com
464,Dino Krolle,dkrollecv@paginegialle.it
465,Lanna Scandrite,lscandritecw@baidu.com
466,Marv Cormack,mcormackcx@facebook.com
467,Leese Derrett,lderrettcy@oracle.com
468,Abbie FitzAlan,afitzalancz@google.ca
469,Jesselyn Tommen,jtommend0@state.tx.us
470,Odilia Dymidowicz,odymidowiczd1@psu.edu
471,Garvy Jarrard,gjarrardd2@google.cn
472,Yurik Lovatt,ylovattd3@cbc.ca
473,Silvan Pedrocchi,spedrocchid4@amazon.com
474,Tony Lealle,tlealled5@npr.org
475,Melisa Varvara,mvarvarad6@feedburner.com
476,Averell Ratley,aratleyd7@prlog.org
477,Evvie Eatock,eeatockd8@feedburner.com
478,Letitia Raddenbury,lraddenburyd9@oracle.com
479,Alic Arnet,aarnetda@jugem.jp
480,Merrick Vallow,mvallowdb@patch.com
481,Karna Ingliby,kinglibydc@prlog.org
482,Boniface Beamish,bbeamishdd@msn.com
483,Roslyn Yushankin,ryushankinde@yahoo.co.jp
484,Mercedes Wrotham,mwrothamdf@photobucket.com
485,Abeu Freschini,afreschinidg@barnesandnoble.com
486,Willis O'Mahoney,womahoneydh@google.fr
487,Drugi Guymer,dguymerdi@berkeley.edu
488,Swen Cudiff,scudiffdj@e-recht24.de
489,Eugenius Vanyakin,evanyakindk@diigo.com
490,Giorgio James,gjamesdl@paypal.com
491,Shirleen Sommerland,ssommerlanddm@wordpress.org
492,Gayelord Arminger,garmingerdn@ocn.ne.jp
493,Skell Lippett,slippettdo@artisteer.com
494,Jarad Eborn,jeborndp@usa.gov
495,Clemente Cluley,ccluleydq@merriam-webster.com
496,Bibby Ancketill,bancketilldr@symantec.com
497,Larine Recke,lreckeds@google.com
498,Zachery Waylett,zwaylettdt@alexa.com
499,Charity Allsupp,callsuppdu@virginia.edu
500,Zane Butchart,zbutchartdv@w3.org
501,Chantalle Benyon,cbenyondw@samsung.com
502,Oralie Grigson,ogrigsondx@narod.ru
503,Benny Turbat,bturbatdy@yellowpages.com
504,Susi Olin,solindz@dion.ne.jp
505,Thain Osband,tosbande0@weather.com
506,Torrin Babington,tbabingtone1@bravesites.com
507,Emmi Netherclift,enetherclifte2@hatena.ne.jp
508,Clara McBratney,cmcbratneye3@photobucket.com
509,Leighton Flahy,lflahye4@bing.com
510,Sileas Storr,sstorre5@discuz.net
511,Herby Chesshyre,hchesshyree6@purevolume.com
512,Town Igglesden,tigglesdene7@marriott.com
513,Ivory Colliver,icollivere8@theatlantic.com
514,Logan Babonau,lbabonaue9@github.com
515,Ambrosi Eberz,aeberzea@squidoo.com
516,Earvin Broadhead,ebroadheadeb@dedecms.com
517,Gizela Schenfisch,gschenfischec@ucoz.ru
518,Byron Joret,bjoreted@hatena.ne.jp
519,Seka Gething,sgethingee@bluehost.com
520,Cristen Boow,cboowef@free.fr
521,Arnaldo Zoane,azoaneeg@archive.org
522,Felipe De Santos,fdeeh@exblog.jp
523,Lorenzo Finessy,lfinessyei@sitemeter.com
524,Cherry Gherardini,cgherardiniej@discovery.com
525,Trixy Mates,tmatesek@cdc.gov
526,Sibylle Eldred,seldredel@google.it
527,Tobe Ker,tkerem@edublogs.org
528,Florinda Shalloe,fshalloeen@squidoo.com
529,Winnie Ochterlony,wochterlonyeo@etsy.com
530,Darcee Alvarado,dalvaradoep@whitehouse.gov
531,Ryan Gethin,rgethineq@exblog.jp
532,Eveleen Stanford,estanforder@infoseek.co.jp
533,Bobbie Gallienne,bgalliennees@google.nl
534,Tades Mundwell,tmundwellet@seattletimes.com
535,Grover Gilardengo,ggilardengoeu@parallels.com
536,Honoria Challen,hchallenev@netvibes.com
537,Jae Liverseege,jliverseegeew@yahoo.co.jp
538,Amity Cummings,acummingsex@taobao.com
539,Demott Castenda,dcastendaey@java.com
540,Berkie Rendell,brendellez@ask.com
541,Perl De Vuyst,pdef0@samsung.com
542,Hashim Vaughten,hvaughtenf1@sciencedaily.com
543,Essy Lenox,elenoxf2@altervista.org
544,Constancy Gothrup,cgothrupf3@sciencedaily.com
545,Marcos Jenyns,mjenynsf4@ca.gov
546,Elroy Felten,efeltenf5@fotki.com
547,Enos Leal,elealf6@seattletimes.com
548,Brigham Croasdale,bcroasdalef7@4shared.com
549,Stafford Gibson,sgibsonf8@china.com.cn
550,Thaine Chisman,tchismanf9@fotki.com
551,Anna Branchett,abranchettfa@wikispaces.com
552,Rosmunda O'Donoghue,rodonoghuefb@w3.org
553,Sean O'Cahsedy,socahsedyfc@ox.ac.uk
554,Shawna Rois,sroisfd@example.com
555,Emmalee Licence,elicencefe@businesswire.com
556,Halli Strelitzki,hstrelitzkiff@hatena.ne.jp
557,Eleanore Wybrew,ewybrewfg@purevolume.com
558,Drucie Hekkert,dhekkertfh@amazon.de
559,Libbey Fance,lfancefi@yale.edu
560,Agustin Sunter,asunterfj@nsw.gov.au
561,Weber Weafer,wweaferfk@phpbb.com
562,Kalie Wolfinger,kwolfingerfl@webmd.com
563,Renaud Edlyne,redlynefm@google.cn
564,Stanislaus Troak,stroakfn@hao123.com
565,Johann Roller,jrollerfo@google.it
566,Frasquito Shawcroft,fshawcroftfp@hexun.com
567,Hester Diamant,hdiamantfq@moonfruit.com
568,Nichol Braffington,nbraffingtonfr@google.fr
569,Hannis Shaves,hshavesfs@redcross.org
570,Nady De La Haye,ndeft@hexun.com
571,Berry Kurten,bkurtenfu@wunderground.com
572,Danette Pitkin,dpitkinfv@usgs.gov
573,Brinn Bowman,bbowmanfw@ftc.gov
574,Marianna Betser,mbetserfx@netlog.com
575,Bartholemy Dodson,bdodsonfy@hc360.com
576,Jerry Van Oord,jvanfz@pagesperso-orange.fr
577,Tod Dickens,tdickensg0@devhub.com
578,Addia Anwyl,aanwylg1@privacy.gov.au
579,Finlay Durnin,fdurning2@spotify.com
580,Dukie Chasemoore,dchasemooreg3@nymag.com
581,Ruthanne Taks,rtaksg4@utexas.edu
582,Jereme Cookney,jcookneyg5@angelfire.com
583,Melisandra Pestor,mpestorg6@latimes.com
584,Fedora Gipp,fgippg7@umich.edu
585,Renado Farrall,rfarrallg8@reverbnation.com
586,Tris Ausiello,tausiellog9@addthis.com
587,Mikael Rowan,mrowanga@mlb.com
588,Kaleb Bremond,kbremondgb@wp.com
589,Casi Gullan,cgullangc@yellowbook.com
590,Cletis Ferroli,cferroligd@feedburner.com
591,Torrance Wroe,twroege@dmoz.org
592,Zebulen Patrick,zpatrickgf@wsj.com
593,Hurleigh Trolley,htrolleygg@symantec.com
594,Stuart Pigney,spigneygh@wordpress.org
595,Livy Cranstone,lcranstonegi@twitpic.com
596,Mark Kitchingman,mkitchingmangj@oakley.com
597,Barbette Leon,bleongk@163.com
598,Asia Orkney,aorkneygl@tuttocitta.it
599,Jasmina De Marchi,jdegm@ucoz.com
600,Neall Simmonds,nsimmondsgn@loc.gov
601,Genovera Garlinge,ggarlingego@dmoz.org
602,Denver Clougher,dcloughergp@weather.com
603,Beatrix Rollinshaw,brollinshawgq@google.com.br
604,Lexie Dongles,ldonglesgr@deviantart.com
605,Tedi Lenaghen,tlenaghengs@purevolume.com
606,Shandra Eagling,seaglinggt@tinypic.com
607,Garnette Ambroise,gambroisegu@tiny.cc
608,Georgi Filippazzo,gfilippazzogv@youtu.be
609,George Poytress,gpoytressgw@cloudflare.com
610,Jessika Battrick,jbattrickgx@usa.gov
611,Dugald Keld,dkeldgy@de.vu
612,Ricard Leydon,rleydongz@about.me
613,Claudio Cruces,ccrucesh0@1und1.de
614,Bond Alder,balderh1@constantcontact.com
615,Fina Garett,fgaretth2@behance.net
616,Gerrilee Murrhardt,gmurrhardth3@deviantart.com
617,Duncan Renad,drenadh4@google.com.au
618,Ezmeralda Issacof,eissacofh5@biglobe.ne.jp
619,Brandie Milbourne,bmilbourneh6@exblog.jp
620,Ches Tadgell,ctadgellh7@home.pl
621,Henderson Puzey,hpuzeyh8@apache.org
622,Gar Henderson,ghendersonh9@deliciousdays.com
623,Stanfield Goodayle,sgoodayleha@com.com
624,Pierre Hawking,phawkinghb@sitemeter.com
625,Malvin Ogilby,mogilbyhc@deliciousdays.com
626,Joane Walford,jwalfordhd@unc.edu
627,Birgit Sweetland,bsweetlandhe@parallels.com
628,Raddy Methven,rmethvenhf@cdc.gov
629,Chadwick Cattermull,ccattermullhg@hibu.com
630,Ganny Rouf,groufhh@bigcartel.com
631,Philippine Chicchelli,pchicchellihi@sohu.com
632,Bran Bassford,bbassfordhj@google.pl
633,Pandora Frigot,pfrigothk@blog.com
634,Jabez Clancy,jclancyhl@booking.com
635,Luciano Sell,lsellhm@ca.gov
636,Alon Tipens,atipenshn@china.com.cn
637,Michelina Millea,mmilleaho@google.ca
638,Julianne Mensler,jmenslerhp@paginegialle.it
639,Alexandros Trueman,atruemanhq@abc.net.au
640,Halsy Divis,hdivishr@army.mil
641,Ezekiel Cockcroft,ecockcrofths@ucsd.edu
642,Hakim Meriguet,hmeriguetht@shareasale.com
643,Robbert Nassy,rnassyhu@nature.com
644,Franny Dunk,fdunkhv@opera.com
645,Valentin Walbrook,vwalbrookhw@smh.com.au
646,Tam Fursland,tfurslandhx@etsy.com
647,James Clotworthy,jclotworthyhy@studiopress.com
648,Madelena Jarvis,mjarvishz@gnu.org
649,Jennilee Chimenti,jchimentii0@geocities.com
650,Nicki Waterland,nwaterlandi1@prlog.org
651,Lauritz Mutimer,lmutimeri2@yolasite.com
652,Willi Ditch,wditchi3@howstuffworks.com
653,Ode O'Clery,oocleryi4@e-recht24.de
654,Matias Yggo,myggoi5@boston.com
655,Dalton O'Dempsey,dodempseyi6@nyu.edu
656,Rhys Rosenkranc,rrosenkranci7@samsung.com
657,Alistair Baudoux,abaudouxi8@symantec.com
658,Vanny Lourenco,vlourencoi9@independent.co.uk
659,Jesse Tranmer,jtranmeria@chronoengine.com
660,Maison Seston,msestonib@cornell.edu
661,Danny Levet,dlevetic@geocities.jp
662,Alfreda Camilleri,acamilleriid@google.it
663,Miquela Pennycuick,mpennycuickie@hc360.com
664,Gertie De la croix,gdeif@pbs.org
665,Mart Bettanay,mbettanayig@wired.com
666,Cally Malin,cmalinih@fotki.com
667,Charity Duns,cdunsii@nyu.edu
668,Easter Etteridge,eetteridgeij@istockphoto.com
669,Cirstoforo McCreery,cmccreeryik@youtu.be
670,Fredrick Jell,fjellil@oracle.com
671,Debby Morrall,dmorrallim@scientificamerican.com
672,Darrelle Rumsey,drumseyin@angelfire.com
673,Pris Dederick,pdederickio@upenn.edu
674,Percival Varndall,pvarndallip@reference.com
675,Lanni Carnelley,lcarnelleyiq@creativecommons.org
676,Randy Brinkler,rbrinklerir@tamu.edu
677,Paton Ughini,pughiniis@odnoklassniki.ru
678,Beale Duferie,bduferieit@hhs.gov
679,Bjorn Fannin,bfanniniu@freewebs.com
680,Tammy Brinkler,tbrinkleriv@auda.org.au
681,Hartley Glasner,hglasneriw@ocn.ne.jp
682,Dalenna Ivanonko,divanonkoix@nbcnews.com
683,Grata Basire,gbasireiy@google.com
684,Hurley Burnett,hburnettiz@spiegel.de
685,Kori Rigmand,krigmandj0@github.io
686,Stacia Brickdale,sbrickdalej1@discovery.com
687,Morley Ebunoluwa,mebunoluwaj2@exblog.jp
688,Omero Sharvell,osharvellj3@nationalgeographic.com
689,Ericha Mattimoe,emattimoej4@com.com
690,Allie Pochet,apochetj5@hao123.com
691,Erinn Brettle,ebrettlej6@vkontakte.ru
692,Bret Nend,bnendj7@sogou.com
693,Kinna Bellefant,kbellefantj8@jalbum.net
694,Sebastiano Duffin,sduffinj9@list-manage.com
695,Kennan Cressingham,kcressinghamja@mtv.com
696,Jonas Leger,jlegerjb@reference.com
697,Lorianne Fitzjohn,lfitzjohnjc@w3.org
698,Archaimbaud Rawle,arawlejd@tripod.com
699,Felicdad Sorrel,fsorrelje@yale.edu
700,Marijn Aldrin,maldrinjf@nyu.edu
701,Gearalt Reichelt,greicheltjg@scientificamerican.com
702,Ichabod Cleen,icleenjh@slate.com
703,Josefina Crippes,jcrippesji@blog.com
704,Cos Maling,cmalingjj@cbsnews.com
705,Ebonee Finlator,efinlatorjk@patch.com
706,Winnie Pitney,wpitneyjl@cbc.ca
707,Mario Eaglen,meaglenjm@t-online.de
708,Pollyanna Creighton,pcreightonjn@house.gov
709,Cassie Boylan,cboylanjo@delicious.com
710,Evangelin Bosson,ebossonjp@sogou.com
711,Ossie Bosman,obosmanjq@myspace.com
712,Sonny Scogings,sscogingsjr@com.com
713,Christoper Castell,ccastelljs@adobe.com
714,Harry Bartosiak,hbartosiakjt@artisteer.com
715,Louis Le Gallo,lleju@mozilla.org
716,Leta Manwaring,lmanwaringjv@harvard.edu
717,Bebe Scarrott,bscarrottjw@shareasale.com
718,Allianora Bellee,abelleejx@pcworld.com
719,Reg Duigenan,rduigenanjy@paypal.com
720,Lauraine Tuckley,ltuckleyjz@sbwire.com
721,Merline Adenet,madenetk0@thetimes.co.uk
722,Doroteya Pretti,dprettik1@unicef.org
723,Sheila Kleinschmidt,skleinschmidtk2@jiathis.com
724,Gabie Syrett,gsyrettk3@usatoday.com
725,Deloris Bartoszewicz,dbartoszewiczk4@indiatimes.com
726,Dario Kennford,dkennfordk5@mozilla.org
727,Averil Detoile,adetoilek6@umich.edu
728,Mechelle Kiggel,mkiggelk7@jiathis.com
729,Fleurette Christoffels,fchristoffelsk8@disqus.com
730,Tine Hussy,thussyk9@princeton.edu
731,Harrison Force,hforceka@time.com
732,Dulciana Bootyman,dbootymankb@usatoday.com
733,Maximilien Capper,mcapperkc@microsoft.com
734,Thurstan Jarrard,tjarrardkd@ca.gov
735,Hagan Tibbetts,htibbettske@mail.ru
736,Horace Spragg,hspraggkf@dailymail.co.uk
737,Charita Bromfield,cbromfieldkg@mediafire.com
738,Vivienne Harkness,vharknesskh@epa.gov
739,Dannye Dibben,ddibbenki@fc2.com
740,Lesly Matchell,lmatchellkj@symantec.com
741,Stacee Sirrell,ssirrellkk@mac.com
742,Kile Coolbear,kcoolbearkl@irs.gov
743,Romain Gerriessen,rgerriessenkm@angelfire.com
744,Dottie Heibl,dheiblkn@pagesperso-orange.fr
745,Rebe Corbally,rcorballyko@cdc.gov
746,Lorne Strawbridge,lstrawbridgekp@ucsd.edu
747,Faina Canty,fcantykq@epa.gov
748,Gretel Wrefford,gwreffordkr@mysql.com
749,Michaella Boxell,mboxellks@dailymotion.com
750,Timmy Harbert,tharbertkt@patch.com
751,Abey Bramsom,abramsomku@npr.org
752,Danit Esplin,desplinkv@reddit.com
753,Eal Winstone,ewinstonekw@mit.edu
754,Costa Cluely,ccluelykx@squarespace.com
755,Myrah Sebright,msebrightky@cdc.gov
756,Teddy Kerswill,tkerswillkz@indiatimes.com
757,Evita Enticott,eenticottl0@google.nl
758,Rockey Buxcy,rbuxcyl1@wikipedia.org
759,Reggie Kmiec,rkmiecl2@prweb.com
760,Cordelie Brydie,cbrydiel3@time.com
761,Lane Eliez,leliezl4@alibaba.com
762,Lee Grimditch,lgrimditchl5@jimdo.com
763,Gerty Richardson,grichardsonl6@wikia.com
764,Allyce Derye-Barrett,aderyebarrettl7@ftc.gov
765,Daryn Jeandet,djeandetl8@marriott.com
766,Glory Ivery,giveryl9@washingtonpost.com
767,Ellissa Leamon,eleamonla@usa.gov
768,Lyndsay Ruprich,lruprichlb@wired.com
769,Dion Leversuch,dleversuchlc@nationalgeographic.com
770,Randolph Gomes,rgomesld@indiegogo.com
771,Adelice Denny,adennyle@youtu.be
772,Lynna Kinleyside,lkinleysidelf@yandex.ru
773,Piggy McDiarmid,pmcdiarmidlg@guardian.co.uk
774,Libbey Base,lbaselh@behance.net
775,Ben Mainds,bmaindsli@ed.gov
776,Huntlee Southcomb,hsouthcomblj@i2i.jp
777,Constancy Dancey,cdanceylk@comsenz.com
778,Sofia Schwand,sschwandll@tripadvisor.com
779,Demetria Tancock,dtancocklm@yolasite.com
780,Giffie Capitano,gcapitanoln@sbwire.com
781,Carey Sneath,csneathlo@last.fm
782,Ardelle Elnough,aelnoughlp@biblegateway.com
783,Ollie Guiett,oguiettlq@samsung.com
784,Audre Paireman,apairemanlr@123-reg.co.uk
785,Grange Baldung,gbaldungls@nature.com
786,Carroll Mably,cmablylt@weibo.com
787,Farra Kantor,fkantorlu@addthis.com
788,Emlyn Babcock,ebabcocklv@rambler.ru
789,Darcee Shippam,dshippamlw@typepad.com
790,Brandi Luton,blutonlx@princeton.edu
791,Missie Triggol,mtriggolly@sakura.ne.jp
792,Caz Gussie,cgussielz@google.ca
793,Cyrill Oxtaby,coxtabym0@unc.edu
794,Anderson Stickland,asticklandm1@storify.com
795,Hershel Billingsley,hbillingsleym2@edublogs.org
796,Reuben Ambler,ramblerm3@de.vu
797,Adda Peizer,apeizerm4@phpbb.com
798,Ruggiero Coomber,rcoomberm5@storify.com
799,Urban Godleman,ugodlemanm6@delicious.com
800,Sheelah Harrowell,sharrowellm7@cnbc.com
801,Amaleta Dufoure,adufourem8@cocolog-nifty.com
802,Hobart Fruser,hfruserm9@skyrock.com
803,Gorden Retallick,gretallickma@narod.ru
804,Ray Wansbury,rwansburymb@huffingtonpost.com
805,Malanie Aberdein,maberdeinmc@gov.uk
806,Ardyth Deave,adeavemd@elegantthemes.com
807,Lynnelle Iianon,liianonme@aboutads.info
808,Karim Genner,kgennermf@webs.com
809,Burl Finden,bfindenmg@creativecommons.org
810,Wilfred Rickaby,wrickabymh@reuters.com
811,Terrell Ashingden,tashingdenmi@wsj.com
812,Mark Tobias,mtobiasmj@theglobeandmail.com
813,Baxter Held,bheldmk@tamu.edu
814,Verile Boissieux,vboissieuxml@sina.com.cn
815,Vonni Norley,vnorleymm@nhs.uk
816,Jacquenette Brayshaw,jbrayshawmn@answers.com
817,Madelaine Reder,mredermo@statcounter.com
818,Katherina Candlish,kcandlishmp@cam.ac.uk
819,Izak Moult,imoultmq@sakura.ne.jp
820,Noemi Elias,neliasmr@independent.co.uk
821,Evelyn Pexton,epextonms@tiny.cc
822,Catherine Grigaut,cgrigautmt@miibeian.gov.cn
823,Rusty Dilleway,rdillewaymu@studiopress.com
824,Doralynn Streader,dstreadermv@taobao.com
825,Bambi Sokill,bsokillmw@boston.com
826,Betsy Stollberg,bstollbergmx@123-reg.co.uk
827,Gavan Espinal,gespinalmy@fc2.com
828,Tibold Goadsby,tgoadsbymz@ed.gov
829,Valera Blencowe,vblencowen0@hostgator.com
830,Nonie Musprat,nmuspratn1@linkedin.com
831,Lezley Websdale,lwebsdalen2@wix.com
832,Minetta Vodden,mvoddenn3@kickstarter.com
833,Maddie Garces,mgarcesn4@dagondesign.com
834,Stacee Connock,sconnockn5@goodreads.com
835,Aloysius Rastall,arastalln6@wiley.com
836,Chelsea Dorney,cdorneyn7@mayoclinic.com
837,Vicki Rouzet,vrouzetn8@is.gd
838,Edwina Serris,eserrisn9@barnesandnoble.com
839,Kristy Harte,khartena@wiley.com
840,Cobby Goldine,cgoldinenb@accuweather.com
841,Jorge Hounsome,jhounsomenc@mashable.com
842,Boote Domican,bdomicannd@friendfeed.com
843,Nomi Ianittello,nianittellone@t.co
844,Vivian Haruard,vharuardnf@webeden.co.uk
845,Jonathan Haye,jhayeng@jalbum.net
846,Breanne Merkle,bmerklenh@netlog.com
847,Heda Giffin,hgiffinni@dailymail.co.uk
848,Abbott Goady,agoadynj@godaddy.com
849,Kalli Kelberman,kkelbermannk@biglobe.ne.jp
850,Jens Rockwill,jrockwillnl@yandex.ru
851,Sayre Bonny,sbonnynm@pinterest.com
852,Robinet Bossom,rbossomnn@eepurl.com
853,Cort Ratke,cratkeno@technorati.com
854,Andonis Toopin,atoopinnp@apple.com
855,Ediva Caso,ecasonq@ed.gov
856,Zollie Daughtery,zdaughterynr@google.com.hk
857,Nick Mabbs,nmabbsns@meetup.com
858,Heinrick Babbage,hbabbagent@ft.com
859,Weylin Rosenauer,wrosenauernu@drupal.org
860,Juli Drexel,jdrexelnv@eventbrite.com
861,Annalee Basile,abasilenw@reddit.com
862,Flore Coskerry,fcoskerrynx@seattletimes.com
863,Eduino Nettle,enettleny@cnbc.com
864,Felice Whisson,fwhissonnz@e-recht24.de
865,Findlay Conybear,fconybearo0@smugmug.com
866,Lula Alty,laltyo1@networksolutions.com
867,Abbey Oldaker,aoldakero2@umn.edu
868,Chloris Livett,clivetto3@toplist.cz
869,Nan Colleer,ncolleero4@hugedomains.com
870,Jillian Quinney,jquinneyo5@topsy.com
871,Alexandre Torel,atorelo6@wordpress.org
872,Ophelia Couper,ocoupero7@parallels.com
873,Samantha Biggins,sbigginso8@godaddy.com
874,Helen Franses,hfranseso9@senate.gov
875,Horatia Henkens,hhenkensoa@tinyurl.com
876,Antoine Pycock,apycockob@hc360.com
877,Alasteir Kenrat,akenratoc@reference.com
878,Kristoforo Pointing,kpointingod@scribd.com
879,Kailey Deinhardt,kdeinhardtoe@yahoo.com
880,Ardelle Yitzovicz,ayitzoviczof@psu.edu
881,Rice Meadway,rmeadwayog@pbs.org
882,Karry Butcher,kbutcheroh@livejournal.com
883,Waylin Minkin,wminkinoi@alexa.com
884,Sherwin Barribal,sbarribaloj@trellian.com
885,Morganne Pendreigh,mpendreighok@disqus.com
886,Gabrila Bardsley,gbardsleyol@nifty.com
887,Quinn Michael,qmichaelom@bloglines.com
888,Lauryn Lillecrap,llillecrapon@google.ca
889,Irma Martinot,imartinotoo@vimeo.com
890,Hazlett Tesseyman,htesseymanop@lycos.com
891,Ewell Guerrero,eguerrerooq@zimbio.com
892,Avery Damiata,adamiataor@a8.net
893,Darlleen Winman,dwinmanos@ed.gov
894,Angie Lyons,alyonsot@prnewswire.com
895,Dolli Learoyd,dlearoydou@fda.gov
896,Alexei Gaddie,agaddieov@livejournal.com
897,Aurel Scoular,ascoularow@xinhuanet.com
898,Junina Lundie,jlundieox@newsvine.com
899,Ara Vale,avaleoy@google.nl
900,Dawna Ornillos,dornillosoz@fc2.com
901,Silvester Berntsson,sberntssonp0@walmart.com
902,Kissie Lethardy,klethardyp1@samsung.com
903,Nananne Coatman,ncoatmanp2@mayoclinic.com
904,Mike Brann,mbrannp3@mayoclinic.com
905,Llywellyn Kelway,lkelwayp4@army.mil
906,Conrad Maha,cmahap5@wired.com
907,Dolorita MacGebenay,dmacgebenayp6@mayoclinic.com
908,Bealle Riceards,briceardsp7@surveymonkey.com
909,Giffard Humbey,ghumbeyp8@creativecommons.org
910,Lincoln Spencers,lspencersp9@taobao.com
911,Quinn Lightning,qlightningpa@delicious.com
912,Lek Thonger,lthongerpb@bluehost.com
913,Gabrielle McDavid,gmcdavidpc@smh.com.au
914,Hamel Rainger,hraingerpd@addthis.com
915,Lucias Richings,lrichingspe@godaddy.com
916,Nicolle Klishin,nklishinpf@free.fr
917,Alethea Hubbins,ahubbinspg@yellowpages.com
918,Addy Carlile,acarlileph@edublogs.org
919,Jeremias Pace,jpacepi@4shared.com
920,Rory Carlett,rcarlettpj@technorati.com
921,Therese Dundon,tdundonpk@examiner.com
922,Alleen MacSharry,amacsharrypl@sciencedirect.com
923,Mignonne Maydway,mmaydwaypm@economist.com
924,Chen Beautyman,cbeautymanpn@technorati.com
925,Isadora Blazhevich,iblazhevichpo@homestead.com
926,Dorise Linger,dlingerpp@intel.com
927,Donielle Hutchins,dhutchinspq@sourceforge.net
928,Edan Jorger,ejorgerpr@bloomberg.com
929,Adiana Garaway,agarawayps@nyu.edu
930,Kat Kondratenko,kkondratenkopt@oracle.com
931,Myca Blything,mblythingpu@google.de
932,Murray Moulin,mmoulinpv@so-net.ne.jp
933,Valerie Joice,vjoicepw@biblegateway.com
934,Gram Saltrese,gsaltresepx@comsenz.com
935,Clotilda Houliston,choulistonpy@uol.com.br
936,Eddy Cudde,ecuddepz@facebook.com
937,Evelyn Pinks,epinksq0@spiegel.de
938,Shawn Rigardeau,srigardeauq1@ebay.com
939,Wolf McBeth,wmcbethq2@slideshare.net
940,Ripley Biset,rbisetq3@istockphoto.com
941,Honoria Victory,hvictoryq4@earthlink.net
942,Jehanna Chipchase,jchipchaseq5@wiley.com
943,Baillie Rhubottom,brhubottomq6@nsw.gov.au
944,Gennie Sommerton,gsommertonq7@i2i.jp
945,Rozele Smidmore,rsmidmoreq8@marketwatch.com
946,Albie Causon,acausonq9@google.de
947,Earlie Carrivick,ecarrivickqa@amazon.de
948,Robby Caldes,rcaldesqb@google.pl
949,Gwenora Tipton,gtiptonqc@multiply.com
950,Ingunna Rumin,iruminqd@eventbrite.com
951,Bobette Jerdan,bjerdanqe@nps.gov
952,Marlie Rickardes,mrickardesqf@symantec.com
953,Davidson Eastwell,deastwellqg@dell.com
954,Brietta Comello,bcomelloqh@nature.com
955,Myca Farnham,mfarnhamqi@yellowbook.com
956,Berkley Stelfax,bstelfaxqj@devhub.com
957,Sam Oels,soelsqk@desdev.cn
958,Ferd Hart,fhartql@wikimedia.org
959,Ree Vedyaev,rvedyaevqm@china.com.cn
960,Ninon Mosten,nmostenqn@archive.org
961,Odette Denkin,odenkinqo@quantcast.com
962,Becca Spilling,bspillingqp@cbslocal.com
963,Townsend Nissle,tnissleqq@discovery.com
964,Nanine Ughi,nughiqr@miitbeian.gov.cn
965,Nester Van Salzberger,nvanqs@ucoz.ru
966,Genvieve Giovanizio,ggiovanizioqt@rediff.com
967,Barthel Jopling,bjoplingqu@list-manage.com
968,Shela Tiler,stilerqv@wufoo.com
969,Marieann Meagher,mmeagherqw@hud.gov
970,Ernest Standell,estandellqx@hatena.ne.jp
971,Jacqui Galliard,jgalliardqy@springer.com
972,Amory Canavan,acanavanqz@desdev.cn
973,Kamillah Milton-White,kmiltonwhiter0@google.co.jp
974,Kathlin Thaxter,kthaxterr1@hud.gov
975,Kaine Georgeou,kgeorgeour2@google.pl
976,Florry Strathe,fstrather3@privacy.gov.au
977,Rouvin Elgie,relgier4@t.co
978,Andeee Sedgefield,asedgefieldr5@chronoengine.com
979,Blane Forth,bforthr6@prweb.com
980,Malva Prettejohns,mprettejohnsr7@123-reg.co.uk
981,Hamish Smouten,hsmoutenr8@washington.edu
982,Brandtr Konzel,bkonzelr9@dell.com
983,Loren Rusbridge,lrusbridgera@posterous.com
984,Aldric Sabatini,asabatinirb@engadget.com
985,Irene Buston,ibustonrc@comsenz.com
986,Dannie Ebrall,debrallrd@xrea.com
987,Hunter Epsley,hepsleyre@microsoft.com
988,Jelene Dinnage,jdinnagerf@ucoz.com
989,Marlane Angrock,mangrockrg@github.com
990,Taddeusz O'Keenan,tokeenanrh@bing.com
991,Karisa Mil,kmilri@youtu.be
992,Shirl Hutcheson,shutchesonrj@amazon.com
993,Corinna Spender,cspenderrk@boston.com
994,Penni Corballis,pcorballisrl@bing.com
995,Petra Filliskirk,pfilliskirkrm@cdbaby.com
996,Melba Helgass,mhelgassrn@microsoft.com
997,Penny Gaudin,pgaudinro@google.co.jp
998,Rick Royste,rroysterp@omniture.com
999,Janeen Cradoc,jcradocrq@blogs.com
1000,Cari Luchelli,cluchellirr@webnode.com
